<?xml version="1.0" encoding="UTF-8"?>
<configuration>      
  <appender name="STDOUT" class="ch.qos.logback.core.ConsoleAppender">      
    <encoder>   
      <pattern>%d{HH:mm:ss.SSS} [%thread] %-5level %logger - %msg%n</pattern>   
    </encoder>   
  </appender>   
  
   <logger name="com.offer" level="INFO" additivity="false">  
    <appender-ref ref="STDOUT"/>  
  </logger>
  
  <root level="ERROR">             
    <appender-ref ref="STDOUT" />   
  </root>     
     
 </configuration> 