<?xml version="1.0" encoding="UTF-8"?>
<beans xmlns="http://www.springframework.org/schema/beans" xmlns:xsi="http://www.w3.org/2001/XMLSchema-instance" xmlns:tx="http://www.springframework.org/schema/tx" xmlns:aop="http://www.springframework.org/schema/aop" xmlns:context="http://www.springframework.org/schema/context" xsi:schemaLocation="
http://www.springframework.org/schema/beans 
http://www.springframework.org/schema/beans/spring-beans-3.0.xsd 
http://www.springframework.org/schema/context 
http://www.springframework.org/schema/context/spring-context-3.0.xsd
http://www.springframework.org/schema/tx 
http://www.springframework.org/schema/tx/spring-tx-3.0.xsd
http://www.springframework.org/schema/aop 
http://www.springframework.org/schema/aop/spring-aop-3.0.xsd
">
	<context:component-scan base-package="com.offer.*">
		<context:exclude-filter type="annotation" expression="org.springframework.stereotype.Controller"/>
	</context:component-scan>
	<!-- 配置数据源 -->
	<bean name="dataSource" class="com.alibaba.druid.pool.DruidDataSource" init-method="init" destroy-method="close">
		<property name="url" value="${jdbc_url}" />
		<property name="username" value="${jdbc_username}" />
		<property name="password" value="${jdbc_password}" />

		<!-- 初始化连接大小 -->
		<property name="initialSize" value="10" />
		<!-- 连接池最大使用连接数量 -->
		<property name="maxActive" value="20" />
		<!-- 连接池最大空闲 -->
		<property name="maxIdle" value="20" />
		<!-- 连接池最小空闲 -->
		<property name="minIdle" value="5" />
		<!-- 获取连接最大等待时间 -->
		<property name="maxWait" value="20000" />

		<!-- <property name="poolPreparedStatements" value="true" /> <property name="maxPoolPreparedStatementPerConnectionSize" value="33" /> -->

		<property name="validationQuery" value="${validationQuery}" />
		<property name="testOnBorrow" value="false" />
		<property name="testOnReturn" value="false" />
		<property name="testWhileIdle" value="true" />

		<!-- 配置间隔多久才进行一次检测，检测需要关闭的空闲连接，单位是毫秒 -->
		<property name="timeBetweenEvictionRunsMillis" value="60000" />
		<!-- 配置一个连接在池中最小生存的时间，单位是毫秒 -->
		<property name="minEvictableIdleTimeMillis" value="25200000" />

		<!-- 打开removeAbandoned功能 -->
		<property name="removeAbandoned" value="true" />
		<!-- 1800秒，也就是30分钟 -->
		<property name="removeAbandonedTimeout" value="1800" />
		<!-- 关闭abanded连接时输出错误日志 -->
		<property name="logAbandoned" value="true" />

		<!-- 监控数据库 -->
		<!-- <property name="filters" value="stat" /> -->
		<property name="filters" value="mergeStat" />
	</bean>
	
	<bean id="sessionFactory" class="org.springframework.orm.hibernate4.LocalSessionFactoryBean">
        <property name="dataSource" ref="dataSource"/>
        <property name="packagesToScan" value="com.offer.*"/>
        <property name="hibernateProperties" >
        	<props>
        		<prop key="hibernate.hbm2ddl.auto">update</prop>
        		<prop key="hibernate.show_sql">false</prop>
        		<prop key="hibernate.format_sql">false</prop>
        		<prop key="hibernate.dialect">org.hibernate.dialect.MySQL5InnoDBDialect</prop>
        	</props>
        </property>
    </bean>
    
    <bean id="hibernateTemplate" class="org.springframework.orm.hibernate4.HibernateTemplate">
		<property name="sessionFactory">
             <ref bean="sessionFactory" />
         </property>
	</bean>
    
	<!-- myBatis文件 -->
	<!-- <bean id="sqlSessionFactory" class="org.mybatis.spring.SqlSessionFactoryBean">
		<property name="dataSource" ref="dataSource" />
		自动扫描entity目录, 省掉Configuration.xml里的手工配置
		<property name="mapperLocations" value="classpath:com/bky/mapping/*.xml" />
	</bean> -->

	<!-- <bean class="org.mybatis.spring.mapper.MapperScannerConfigurer">
		<property name="basePackage" value="com.bky.dao" />
		<property name="sqlSessionFactoryBeanName" value="sqlSessionFactory" />
	</bean> -->

	<!-- 配置事务管理器 -->
	<!-- <bean id="transactionManager" class="org.springframework.jdbc.datasource.DataSourceTransactionManager">
		<property name="dataSource" ref="dataSource" />
	</bean> -->
	<bean id="transactionManager" class="org.springframework.orm.hibernate4.HibernateTransactionManager">
        <property name="sessionFactory" ref="sessionFactory"/>
    </bean>

	<!-- 注解方式配置事物 -->
	<!-- <tx:annotation-driven transaction-manager="transactionManager" /> -->
 
	<!-- 拦截器方式配置事物 -->
	<tx:advice id="transactionAdvice" transaction-manager="transactionManager">
		<tx:attributes>
			<tx:method name="add*" propagation="REQUIRED"  read-only="false"/>
			<tx:method name="append*" propagation="REQUIRED"  read-only="false"/>
			<tx:method name="insert*" propagation="REQUIRED"  read-only="false"/>
			<tx:method name="save*" propagation="REQUIRED"  read-only="false"/>
			<tx:method name="update*" propagation="REQUIRED" read-only="false" />
			<tx:method name="modify*" propagation="REQUIRED" read-only="false" />
			<tx:method name="edit*" propagation="REQUIRED" read-only="false" />
			<tx:method name="delete*" propagation="REQUIRED" read-only="false" />
			<tx:method name="remove*" propagation="REQUIRED" read-only="false" />
			<tx:method name="execute*" propagation="REQUIRED" read-only="false" />
			<tx:method name="repair" propagation="REQUIRED" read-only="false" />
			<tx:method name="delAndRepair" propagation="REQUIRED" read-only="false" />

			<tx:method name="get*" propagation="SUPPORTS" />
			<tx:method name="find*" propagation="SUPPORTS" />
			<tx:method name="load*" propagation="SUPPORTS" />
			<tx:method name="search*" propagation="SUPPORTS" />
			<tx:method name="datagrid*" propagation="SUPPORTS" />

			<tx:method name="*" propagation="REQUIRED" read-only="false" />
		</tx:attributes>
	</tx:advice>
	<aop:config>
		<aop:pointcut id="transactionPointcut" expression="execution(* *..*service*..*(..))" />
		<aop:advisor pointcut-ref="transactionPointcut" advice-ref="transactionAdvice" />
	</aop:config>


	<!-- 配置druid监控spring jdbc -->
	<bean id="druid-stat-interceptor" class="com.alibaba.druid.support.spring.stat.DruidStatInterceptor">
	</bean>
	<bean id="druid-stat-pointcut" class="org.springframework.aop.support.JdkRegexpMethodPointcut" scope="prototype">
		<property name="patterns">
			<list>
				<value>com.offer.service.*</value>
				<value>com.offer.job.*</value>
			</list>
		</property>
	</bean>
	
	<aop:config>
		<aop:advisor advice-ref="druid-stat-interceptor" pointcut-ref="druid-stat-pointcut" />
	</aop:config>
</beans>