<?xml version="1.0" encoding="UTF-8"?>
<beans xmlns="http://www.springframework.org/schema/beans"
	xmlns:xsi="http://www.w3.org/2001/XMLSchema-instance"
	xmlns:p="http://www.springframework.org/schema/p"
	xsi:schemaLocation="http://www.springframework.org/schema/beans http://www.springframework.org/schema/beans/spring-beans-2.5.xsd">
	
	<bean id="jdbcTemplate" class="org.springframework.jdbc.core.JdbcTemplate">
		<property name="dataSource" ref="dataSource"/>
	</bean>
	
	<bean id="addMapperimpl" class="com.offer.dao.AddMapperImpl">
		<!-- name的名字要与接口类的字段名称一样 -->
		<property name="template" ref="jdbcTemplate"/>
	</bean>
	
	<bean id="baseService" class="com.offer.service.impl.BaseServiceImpl">
		<!-- name的名字要与接口类的字段名称一样 -->
		<property name="addMapper" ref="addMapperimpl"/>
	</bean>
</beans>