<?xml version="1.0" encoding="UTF-8"?>
<beans xmlns="http://www.springframework.org/schema/beans"
	xmlns:mvc="http://www.springframework.org/schema/mvc" xmlns:xsi="http://www.w3.org/2001/XMLSchema-instance"
	xmlns:p="http://www.springframework.org/schema/p" xmlns:context="http://www.springframework.org/schema/context"
	xsi:schemaLocation="http://www.springframework.org/schema/beans 
http://www.springframework.org/schema/beans/spring-beans-3.2.xsd 
http://www.springframework.org/schema/context 
http://www.springframework.org/schema/context/spring-context-3.2.xsd 
http://www.springframework.org/schema/mvc 
http://www.springframework.org/schema/mvc/spring-mvc-3.2.xsd">

	<!-- 自动扫描controller包下的所有类，使其认为spring mvc的控制器 -->
	<context:component-scan base-package="com.offer.controller" />

	<!-- 对模型视图名称的解析，即在模型视图名称添加前后缀 -->
	<bean
		class="org.springframework.web.servlet.view.InternalResourceViewResolver"
		p:prefix="/" p:suffix=".jsp" p:viewClass="org.springframework.web.servlet.view.JstlView"
		p:contentType="text/html" />

	<!-- <bean
		class="org.springframework.web.servlet.mvc.method.annotation.RequestMappingHandlerAdapter"  
		p:ignoreDefaultModelOnRedirect="true">
		<property name="messageConverters">
			<list>
				<bean
					class="org.springframework.http.converter.json.MappingJacksonHttpMessageConverter" />
			</list>
		</property>
	</bean> -->
	
	<context:annotation-config />
	<mvc:annotation-driven >
		<mvc:message-converters>
			<bean class="com.alibaba.fastjson.support.spring.FastJsonHttpMessageConverter">
				<property name="supportedMediaTypes">
                    <list>
                        <value>application/json;charset=UTF-8</value>
                    </list>
                </property>
			</bean>
		</mvc:message-converters>
	</mvc:annotation-driven>

	<bean id="multipartResolver" class="org.springframework.web.multipart.commons.CommonsMultipartResolver">
	     <property name="maxInMemorySize">
	        <value>1638400</value>
	     </property>
	</bean>
	
	<mvc:interceptors>
		<mvc:interceptor>
			<mvc:mapping path="/**"/>
			<bean class="com.offer.interceptor.AllInterceptor">
			</bean>
		</mvc:interceptor>
	</mvc:interceptors>
</beans>